"band","acl","bonnaroo","coachella","lollapalooza","outsidelands","year"
"ALO",0,0,0,0,1,2008
"Battles",0,1,1,1,0,2008
"Bon Iver",0,0,0,0,1,2008
"Flogging Molly",0,0,1,1,0,2008
"Ivan Neville's Dumpstaphunk",0,0,0,0,1,2008
"Radiohead",0,0,0,1,1,2008
"St. Vincent",0,0,1,0,0,2008
"The Avett Brothers",0,1,0,0,0,2008
"Umphrey's McGee",0,1,0,0,0,2008
"Andrew Bird",0,0,0,0,1,2008
"Black Lips",0,0,1,1,0,2008
"Calvin Harris",0,0,1,0,0,2008
"Cat Power",0,0,0,1,0,2008
"Explosions in the Sky",0,0,0,1,0,2008
"Girl Talk",0,0,0,1,0,2008
"Justice",0,0,1,0,0,2008
"M. Ward",1,0,0,0,1,2008
"Madness",0,0,1,0,0,2008
"Manchester Orchestra",0,0,1,1,0,2008
"Modeselektor",0,0,1,0,0,2008
"The Black Keys",1,0,0,1,0,2008
"Amadou & Mariam",0,0,0,1,0,2008
"Bloc Party",0,0,0,1,0,2008
"Dr. Dog",0,0,0,1,0,2008
"Metric",0,0,1,0,0,2008
"Sigur Ros",0,1,0,0,0,2008
"Beck",1,0,0,0,1,2008
"Metallica",0,1,0,0,0,2008
"Regina Spektor",0,0,0,0,1,2008
"Sean Hayes",0,0,0,0,1,2008
"The Kills",1,0,0,1,0,2008
"Two Gallants",0,1,0,0,1,2008
"!!!",0,1,0,0,0,2008
"Cold War Kids",0,0,1,0,1,2008
"Gogol Bordello",1,1,1,1,0,2008
"Grace Potter & The Nocturnals",0,0,0,0,1,2008
"Iron & Wine",1,1,0,0,0,2008
"Man Man",1,0,1,0,0,2008
"My Morning Jacket",0,1,1,0,0,2008
"Primus",0,0,0,0,1,2008
"The Sword",0,1,0,0,0,2008
"Widespread Panic",0,0,0,0,1,2008
"Busy P",0,0,1,0,0,2008
"Deadmau5",0,0,1,0,0,2008
"White Lies",0,0,0,1,0,2008
"Animal Collective",0,0,1,0,0,2008
"Broken Social Scene",0,1,0,1,1,2008
"Chromeo",0,0,1,1,0,2008
"CSS",1,0,0,1,0,2008
"Cut Copy",0,0,1,0,0,2008
"Electric Touch",1,0,1,1,0,2008
"Foals",0,0,0,1,0,2008
"Kanye West",0,1,0,1,0,2008
"Ozomatli",0,1,0,0,0,2008
"The Felice Brothers",0,1,0,0,1,2008
"The National",0,0,1,1,0,2008
"The Swell Season",1,0,1,0,0,2008
"Ha Ha Tonka",0,0,0,1,0,2008
"The Lee Boys",1,1,0,0,0,2008
"MGMT",1,1,1,1,0,2008
"Sia",0,0,1,0,0,2008
"Blues Traveler",0,0,0,1,0,2008
"M.I.A.",0,1,1,0,0,2008
"Pat Green",0,1,0,0,0,2008
"Robert Randolph",0,1,0,0,0,2008
"Slightly Stoopid",1,0,1,0,0,2008
"Vampire Weekend",1,1,1,0,0,2008
"Yeasayer",1,0,0,1,0,2008
"Against Me!",1,1,0,0,0,2008
"The Postelles",0,0,0,1,0,2008
"Erol Alkan",0,0,1,0,0,2008
"Grizzly Bear",0,0,0,1,0,2008
"Hot Chip",1,0,1,0,0,2008
"Steel Train",0,1,0,1,0,2008
"American Bang",1,0,1,0,0,2008
"Jamie Lidell",1,0,0,1,0,2008
"Minus the Bear",0,1,1,0,0,2008
"Rogue Wave",0,0,1,1,0,2008
"Stars",1,0,1,0,0,2008
"The Whigs",0,0,0,1,0,2008
"Brett Dennen",0,0,1,0,0,2008
"Ghostland Observatory",0,1,0,0,0,2008
"K'naan",0,0,0,0,1,2008
"Pearl Jam",0,1,0,0,0,2008
"State Radio",0,1,0,0,0,2008
"Drive-By Truckers",1,1,0,0,1,2008
"Lupe Fiasco",0,1,0,1,0,2008
"Mastadon",0,1,0,0,0,2008
"Okkervil River",1,0,0,1,0,2008
"The Horrors",0,0,1,0,0,2008
"The Ting Tings",0,0,0,1,0,2008
"Ben Folds",0,1,0,0,0,2008
"Dan Deacon",0,0,1,0,0,2008
"Simian Mobile Disco",0,0,1,0,0,2008
"Galactic",1,0,0,0,1,2008
"Nine Inch Nails",0,0,0,1,0,2008
"Rodrigo y Gabriela",0,0,0,0,1,2008
"Wilco",0,0,0,1,1,2008
"Back Door Slam",1,1,0,0,1,2008
"Duffy",1,0,1,1,0,2008
"G. Love & Special Sauce",1,0,0,1,0,2008
"Gnarls Barkley",1,0,0,1,0,2008
"Louis XIV",1,0,0,1,0,2008
"Manu Chao",1,0,0,0,1,2008
"Mason Jennings",1,1,0,1,0,2008
"Mates of State",1,0,0,1,0,2008
"Nicole Atkins & The Sea",1,0,0,1,0,2008
"Robert Plant & Alison Krauss",1,1,0,0,0,2008
"Spiritualized",1,0,1,0,0,2008
"Tegan & Sara",1,1,1,0,0,2008
"The Raconteurs",1,1,0,1,0,2008
"What Made Milwaukee Famous",1,0,0,1,0,2008
"120 Days",0,0,1,0,0,2008
"Adam Freeland",0,0,1,0,0,2008
"Aesop Rock",0,0,1,0,0,2008
"Akron/Family",0,0,1,0,0,2008
"Architecture in Helsinki",0,0,1,0,0,2008
"Austin TV",0,0,1,0,0,2008
"Autolux",0,0,1,0,0,2008
"Black Kids",0,1,1,1,0,2008
"Black Mountain",0,0,1,0,1,2008
"Bonde Do Role",0,0,1,0,0,2008
"Booka Shade",0,0,1,1,0,2008
"Boyz Noize",0,0,1,0,0,2008
"Café Tacuba",0,0,1,0,0,2008
"carbon/silicon",0,0,1,0,0,2008
"Cinematic Orchestra",0,0,1,0,0,2008
"Dan Le Sac Vs Scroobius Pip",0,0,1,0,0,2008
"Danny Tenaglia",0,0,1,0,0,2008
"Datarock",0,0,1,0,0,2008
"Death Cab for Cutie",0,0,1,0,0,2008
"DeVotchKa",0,0,1,0,0,2008
"Diplo",0,0,1,0,0,2008
"Dmitri from Paris",0,0,1,0,0,2008
"Does It Offend You",0,0,1,0,0,2008
"Dredg",0,0,1,0,1,2008
"Dwight Yoakam",0,0,1,0,0,2008
"Enter Shikari",0,0,1,0,0,2008
"Fatboy Slim",0,0,1,0,0,2008
"Grand Ole Party",0,0,1,0,0,2008
"Holy Fuck",0,0,1,0,0,2008
"I'm From barcelona",0,0,1,0,0,2008
"Institubes DJs",0,0,1,0,0,2008
"Islands",0,0,1,0,0,2008
"Jack Johnson",0,1,1,0,1,2008
"James Zabiela",0,0,1,0,0,2008
"Jamie T",0,0,1,0,0,2008
"Jens Lekman",0,0,1,0,0,2008
"John Butler Trio",0,0,1,1,0,2008
"Junkie XL",0,0,1,0,0,2008
"Kavinsky",0,0,1,0,0,2008
"Kid Sister w/ A-Trak",0,0,1,0,0,2008
"Kraftwerk",0,0,1,0,0,2008
"Les Savy Fav",0,0,1,0,0,2008
"Linton Kwesi Johnson",0,0,1,0,0,2008
"Little Brother",0,0,1,0,1,2008
"Love and Rockets",0,0,1,1,0,2008
"Lucky I Am",0,0,1,0,0,2008
"Mark Ronson",0,0,1,1,0,2008
"Midnight Juggernauts",0,0,1,0,0,2008
"Mum",0,0,1,0,0,2008
"Murs",0,0,1,0,0,2008
"New Young Pony Club",0,0,1,0,0,2008
"Plastiscines",0,0,1,0,0,2008
"Porter",0,0,1,0,0,2008
"Portishead",0,0,1,0,0,2008
"Professor Murder",0,0,1,0,0,2008
"Raconteurs",0,0,1,0,0,2008
"Reverend and the Makers",0,0,1,0,0,2008
"Rilo Kiley",0,1,1,0,0,2008
"Roger Waters",0,0,1,0,0,2008
"Sandra Collins",0,0,1,0,0,2008
"Santogold",0,0,1,1,0,2008
"Sasha & Digweed",0,0,1,0,0,2008
"Scars on Broadway",0,0,1,0,0,2008
"Sebastian",0,0,1,0,0,2008
"Sharon Jones & The Dap Kings",0,0,1,0,0,2008
"Shout Out Louds",0,0,1,0,0,2008
"Sons & Daughters",0,0,1,0,0,2008
"Spank Rock",0,0,1,1,0,2008
"Stephen Malkmus & the Jicks",0,0,1,0,0,2008
"The Annuals",0,0,1,0,0,2008
"The Bees",0,0,1,0,0,2008
"The Bird and the Bee",0,0,1,0,0,2008
"The Breeders",0,0,1,0,0,2008
"The Cool Kids",0,0,1,1,1,2008
"The Field",0,0,1,0,0,2008
"The Streets",0,0,1,0,0,2008
"The Teenagers",0,0,1,0,0,2008
"The Verve",0,0,1,0,0,2008
"Turbonegro",0,0,1,0,0,2008
"Uffie",0,0,1,1,0,2008
"VHS or Beta",0,0,1,0,0,2008
"Yeah?",0,0,1,0,0,2008
"Yo Majesty!",0,0,1,0,0,2008
"Yoav",0,0,1,0,0,2008
"Bald Eagle",0,0,0,1,0,2008
"Bang Camaro",0,0,0,1,0,2008
"Brand New",0,0,0,1,0,2008
"Brazilian Girls",0,0,0,1,0,2008
"Butch Walker",0,0,0,1,0,2008
"Cadence Weapon",0,0,0,1,0,2008
"De Novo Dahi",0,0,0,1,0,2008
"Dierks Bentley",0,0,0,1,0,2008
"Does It Offend you, Yeah?",0,0,0,1,0,2008
"Eli ""Paperboy"" Reed & the True Loves",0,0,0,1,0,2008
"Ferras",0,0,0,1,0,2008
"Innerpartysystem",0,0,0,1,0,2008
"K'NAAN",0,0,0,1,0,2008
"Kid Sister",0,0,0,1,0,2008
"Krista",0,0,0,1,0,2008
"Magic Wands",0,0,0,1,0,2008
"Margot & the Nuclear So and So's",0,0,0,1,0,2008
"Newton Faulkner",0,0,0,1,0,2008
"Noah and the Whale",0,0,0,1,0,2008
"Office",0,0,0,1,0,2008
"Rage Against the Machine",0,0,0,1,0,2008
"Serena Ryder",0,1,0,1,0,2008
"Sharon Jones & the Dap-Kings",0,0,0,1,0,2008
"Sofia Talvik",0,0,0,1,0,2008
"Stephen Malkmus & The Jicks",0,0,0,1,0,2008
"Tally Hall",0,0,0,1,0,2008
"The Blakes",0,0,0,1,0,2008
"The Go! Team",0,0,0,1,0,2008
"The Gutter Twins",0,0,0,1,0,2008
"The Octopus Project",0,0,0,1,0,2008
"The Parlor Mob ",0,0,0,1,0,2008
"The Weakerthans",0,0,0,1,0,2008
"We Go To 11",0,0,0,1,0,2008
"Witchcraft",0,0,0,1,0,2008
"Your Vegas",0,0,0,1,0,2008
"Abigail Washburn & the Sparrow Quartet",0,1,0,0,0,2008
"Aimee Mann",0,1,0,0,0,2008
"B.B. King",0,1,0,0,0,2008
"Dark Star Orchestra",0,1,0,0,0,2008
"Death Cab For Cutie",0,1,0,0,0,2008
"Derek Trucks & Susan Tedeschi's Soul Stew Revival",0,1,0,0,0,2008
"Donavon Frankenreiter",0,1,0,0,1,2008
"Grupo Fantasma",0,1,0,0,0,2008
"Israel Vibration",0,1,0,0,0,2008
"Jakob Dylan",0,1,0,0,0,2008
"Jose Gonzalez",0,1,0,0,0,2008
"Ladytron",0,1,0,0,0,2008
"Levon Helm",0,1,0,0,0,2008
"Lez Zeppelin",0,1,0,0,0,2008
"Little Feat",0,1,0,0,0,2008
"Nicole Atkins",0,1,0,0,0,2008
"O.A.R.",0,1,0,0,0,2008
"Orchestra baobab",0,1,0,0,0,2008
"Phil Lesh & Friends",0,1,0,0,0,2008
"Sharon Jones & The Dap-Kings",0,1,0,0,0,2008
"Solomon Burke",0,1,0,0,0,2008
"Swell Season",0,1,0,0,0,2008
"Talib Kweli",0,1,0,0,0,2008
"The Allman Brothers Band",0,1,0,0,0,2008
"The Bluegrass Allstars",0,1,0,0,0,2008
"The Fiery Furnaces",0,1,0,0,0,2008
"Willie Nelson",0,1,0,0,0,2008
"Yonder Mountain String Band",0,1,0,0,0,2008
"Ben Harper",0,0,0,0,1,2008
"Café Tacvba",0,0,0,0,1,2008
"Devendra Banhart",0,0,0,0,1,2008
"Goapele",0,0,0,0,1,2008
"Matt Nathanson",0,0,0,0,1,2008
"Nellie McKay",0,0,0,0,1,2008
"Rupa & the April Fishes",0,0,0,0,1,2008
"Sharon Jones and The Dap-Kings",0,0,0,0,1,2008
"Sidestepper",0,0,0,0,1,2008
"Steel Pulse",0,0,0,0,1,2008
"Steve Winwood",0,0,0,0,1,2008
"The Coup",0,0,0,0,1,2008
"The Mother Hips",0,0,0,0,1,2008
"Tom Petty & The Heartbreakers",0,0,0,0,1,2008
"Blind Pilot",0,0,0,1,1,2009
"Bon Iver1",1,1,0,1,0,2009
"Delta Spirit",0,1,0,1,0,2009
"Phish",0,1,0,0,0,2009
"St. Vincent1",0,1,0,0,0,2009
"Andrew Bird1",1,1,0,1,0,2009
"Arctic Monkeys",1,0,0,1,0,2009
"Beirut",0,0,1,0,0,2009
"Girl Talk1",1,1,1,0,0,2009
"Grace Potter and the Nocturnals",0,1,0,0,0,2009
"Kaiser Chiefs",0,0,0,1,0,2009
"Kaskade",0,0,0,1,0,2009
"LA Riots",0,0,0,1,0,2009
"M. Ward1",0,0,1,0,0,2009
"Manchester Orchestra1",0,0,0,1,0,2009
"Miike Snow",0,0,0,1,0,2009
"Other Lives",0,0,0,1,0,2009
"Santigold",0,1,0,1,0,2009
"The Black Keys1",0,0,1,0,0,2009
"Bassnectar",1,0,0,1,0,2009
"Chairlift",0,1,0,1,0,2009
"Dr. Dog1",1,0,1,0,0,2009
"Franz Ferdinand",0,0,1,0,0,2009
"JJ Grey & Mofro",0,0,0,0,1,2009
"Kevin Devine",0,0,0,1,0,2009
"Passion Pit",1,0,0,1,0,2009
"MSTRKRFT",0,0,1,1,0,2009
"Portugal. The Man",0,1,0,1,1,2009
"The Kills1",0,0,1,0,0,2009
"Alberta Cross",1,1,1,1,0,2009
"Atmosphere",0,0,1,1,1,2009
"Cold War Kids1",0,0,0,1,0,2009
"Deerhunter",0,0,0,1,1,2009
"Matt & Kim",0,0,0,0,1,2009
"STS9",1,0,0,1,0,2009
"The Decemberists",1,1,0,1,0,2009
"The Low Anthem",1,1,0,1,0,2009
"Cage The Elephant",0,0,0,1,0,2009
"Crystal Castles",0,1,1,1,0,2009
"Deadmau51",0,0,0,1,0,2009
"Friendly Fires",0,0,1,1,0,2009
"Noah & The Whale",0,0,1,0,0,2009
"The Glitch Mob",0,0,0,1,0,2009
"Ween",0,0,0,0,1,2009
"White Lies1",1,0,1,1,0,2009
"A-Trak",0,0,0,1,0,2009
"Animal Collective1",0,1,0,1,0,2009
"Ariel Pink's Haunted Graffiti",0,0,1,0,0,2009
"Cage the Elephant",0,0,1,0,0,2009
"Electric Touch1",0,0,1,0,0,2009
"Erykah Badu",0,1,0,0,0,2009
"Kings of Leon",1,0,0,1,0,2009
"Raphael Saadiq",0,1,0,0,1,2009
"Rye Rye",0,0,0,1,0,2009
"The Henry Clay People",1,0,0,1,0,2009
"The Morning Benders",0,0,0,0,1,2009
"The National1",0,0,0,0,1,2009
"The Presets",0,0,1,0,0,2009
"Fleet Foxes",0,0,1,1,0,2009
"Gomez",0,1,0,1,0,2009
"Ryan Bingham",0,0,1,0,1,2009
"The Airborne Toxic Event",1,0,1,0,0,2009
"TV on the Radio",0,1,1,1,1,2009
"MGMT1",0,1,0,0,0,2009
"Band of Horses",0,0,1,1,1,2009
"Gaslight Anthem",0,0,1,1,0,2009
"Hockey",0,0,0,1,0,2009
"Kinky",0,0,0,0,1,2009
"M.I.A.1",0,0,0,0,1,2009
"Robert Earl Keen",0,1,0,1,0,2009
"Trombone Shorty",0,0,0,0,1,2009
"Vampire Weekend1",0,0,0,1,0,2009
"Yeasayer1",0,1,0,0,0,2009
"Blitzen Trapper",1,0,1,0,0,2009
"Calexico",0,0,1,0,1,2009
"Dave Matthews Band",1,0,0,0,1,2009
"Kid Cudi",0,0,0,1,0,2009
"Michael Franti & Spearhead",1,0,1,0,0,2009
"Rise Against",0,0,0,1,0,2009
"The Dead Weather",1,0,0,0,1,2009
"The Dodos",1,0,0,0,1,2009
"Thievery Corporation",1,0,1,1,1,2009
"Tinariwen",0,0,1,0,0,2009
"Zac Brown Band",1,1,0,0,0,2009
"Coheed and Cambria",1,1,0,1,0,2009
"Craze & Klever",0,0,1,0,0,2009
"Grizzly Bear1",1,1,0,0,0,2009
"Ra Ra Riot",0,0,0,1,0,2009
"The Raveonettes",1,0,0,1,0,2009
"Mexican Institute of Sound",0,0,1,0,0,2009
"Peanut Butter Wolf",0,0,1,0,0,2009
"Perry Farrell",0,0,1,0,0,2009
"Al Green",0,1,0,0,0,2009
"Vieux Farka Toure",0,1,0,0,0,2009
"Beastie Boys",1,1,0,1,1,2009
"Ben Harper and Relentless7",1,1,0,0,0,2009
"Brett Dennen1",1,1,0,0,1,2009
"Citizen Cope",1,1,0,0,0,2009
"Dan Auerbach",1,0,0,1,0,2009
"Federico Aubele",1,0,0,1,0,2009
"Ghostland Observatory1",1,0,1,0,0,2009
"John Vanderslice",1,0,0,0,1,2009
"K'naan1",1,0,1,0,0,2009
"Pearl Jam1",1,0,0,0,1,2009
"Sam Roberts Band",1,0,0,1,0,2009
"The Knux",1,1,1,1,0,2009
"The Virgins",1,0,0,1,0,2009
"Todd Snider",1,1,0,0,0,2009
"A Place to Bury Strangers",0,0,1,0,0,2009
"Amanda Palmer",0,0,1,0,0,2009
"Amy Winehouse",0,0,1,0,0,2009
"Antony & the Johnsons",0,0,1,0,0,2009
"Bajefondo",0,0,1,0,0,2009
"Billy Talent",0,0,1,0,0,2009
"Bob Mould Band",0,0,1,0,0,2009
"Booker T & The DBT's",0,0,1,0,0,2009
"Brian Jonestown Massacre",0,0,1,0,0,2009
"Buraka Som Sistema",0,0,1,0,0,2009
"Christopher Lawrence",0,0,1,0,0,2009
"Clipse",0,0,1,0,0,2009
"Cloud Cult",0,0,1,0,0,2009
"Conor Oberst",0,0,1,0,0,2009
"Crookers",0,0,1,1,0,2009
"Dear and the Headlights",0,0,1,0,0,2009
"Drive-By Truckers1",0,0,1,0,0,2009
"Drop the Lime",0,0,1,0,0,2009
"Felix da Housecat",0,0,1,0,0,2009
"Fucked Up",0,0,1,0,0,2009
"Gang Gang Dance",0,0,1,1,0,2009
"Glass Candy",0,0,1,0,0,2009
"Glasvegas",0,0,1,1,0,2009
"Groove Armada",0,0,1,0,0,2009
"Gui Boratto",0,0,1,0,0,2009
"Henry Rollins",0,0,1,0,0,2009
"Hercules and Love Affair",0,0,1,1,0,2009
"Ida Maria",0,0,1,1,0,2009
"James Morrison",0,0,1,0,0,2009
"Jenny Lewis",0,1,1,0,0,2009
"Junior Boys",0,0,1,0,0,2009
"Late of the Pier",0,0,1,0,0,2009
"Leonard Cohen",0,0,1,0,0,2009
"Liars",0,0,1,0,0,2009
"Los Campesinos!",0,0,1,1,0,2009
"Lupe Fiasco1",0,0,1,0,0,2009
"Lykki Li",0,0,1,1,0,2009
"M.A.N.D.Y.",0,0,1,0,0,2009
"Marshall Barnes",0,0,1,0,0,2009
"Mastadon1",0,0,1,0,0,2009
"Molotov",0,0,1,0,0,2009
"Morrissey",0,0,1,0,0,2009
"My Bloody Valentine",0,0,1,0,0,2009
"N.A.S.A.",0,0,1,0,0,2009
"No Age",0,0,1,1,0,2009
"Okkervil River1",0,1,1,0,0,2009
"Paolo Nutini",0,0,1,0,0,2009
"Patton & Rahzel",0,0,1,0,0,2009
"Paul McCartney",0,0,1,0,0,2009
"Paul Weller",0,0,1,0,0,2009
"People Under the Stairs",0,0,1,0,0,2009
"Peter Bjorn and John",0,0,1,1,0,2009
"Public Enemy",0,0,1,0,0,2009
"Roni Size",0,0,1,0,0,2009
"Sebastien Tellier",0,0,1,0,0,2009
"Shepard Fairey",0,0,1,0,0,2009
"Silversun Pickups",0,0,1,1,0,2009
"Steve Aoki",0,0,1,0,0,2009
"Superchunk",0,0,1,0,0,2009
"Supermayer",0,0,1,0,0,2009
"Surkin, Para One",0,0,1,0,0,2009
"Switch",0,0,1,0,0,2009
"The Aggrolites",0,0,1,0,0,2009
"The Bloody Beetroots",0,0,1,1,0,2009
"The Bug",0,0,1,0,0,2009
"The Courteeners",0,0,1,0,0,2009
"The Crystal Method",0,0,1,0,0,2009
"The Cure",0,0,1,0,0,2009
"The Hold Steady",0,0,1,0,0,2009
"The Horrors1",0,0,1,0,0,2009
"The Killers",0,0,1,1,0,2009
"The Night Marchers",0,0,1,0,0,2009
"The Ting Tings1",0,1,1,0,0,2009
"Themselves",0,0,1,0,0,2009
"Thenewno2",0,0,1,1,0,2009
"Throbbing Gristle",0,0,1,0,0,2009
"TRAV$DJ-AM",0,0,1,0,0,2009
"Turbonegro ",0,0,1,0,0,2009
"Vivian Girls",0,0,1,0,0,2009
"We Are Scientists",0,0,1,0,0,2009
"X",0,0,1,0,0,2009
"Yeah Yeah Yeahs",0,1,1,0,0,2009
"Zane Lowe",0,0,1,0,0,2009
"Zizek",0,0,1,0,0,2009
"Airborne Toxic Event",0,0,0,1,0,2009
"Amazing Baby",0,0,0,1,0,2009
"Asher Roth",0,0,0,1,0,2009
"Bat For Lashes",0,0,0,1,0,2009
"Ben Folds1",0,0,0,1,0,2009
"Ben Harper & The Relentless7",0,0,0,1,0,2009
"Boys Noise",0,0,0,1,0,2009
"Car Stereo",0,0,0,1,0,2009
"Carney",0,0,0,1,0,2009
"Constantines",0,0,0,1,0,2009
"Dan Deacon1",0,0,0,1,0,2009
"Dark Wave Disco",0,0,0,1,0,2009
"Davy Knowles and Back Door Slam",0,0,0,1,0,2009
"Depeche Mode",0,0,0,1,0,2009
"Eric Church",0,0,0,1,0,2009
"Ezra Furman & The Harpoons",0,0,0,1,0,2009
"He Say, She Say",0,0,0,1,0,2009
"Heartless Bastards",0,0,0,1,1,2009
"Hey Champ",0,0,0,1,0,2009
"Hollywood Holt",0,0,0,1,0,2009
"Jane's Addiction",0,0,0,1,0,2009
"Joe Pug",0,0,0,1,0,2009
"langhorne Slim",0,0,0,1,0,2009
"Living Things",0,0,0,1,0,2009
"Lou Reed",0,0,0,1,0,2009
"Moneypenny",0,0,0,1,0,2009
"Neko Case",0,1,0,1,0,2009
"Of Montreal",0,1,0,1,0,2009
"Simian Mobile Disco1",0,0,0,1,0,2009
"Snoop Dogg",0,1,0,1,0,2009
"The Builders and the Butchers",0,0,0,1,0,2009
"The Green Cards",0,0,0,1,0,2009
"Tool",0,0,0,1,0,2009
"Yello Fever",0,0,0,1,0,2009
"A.A. Bondy",0,1,0,0,0,2009
"Alejandro Escovedo",0,1,0,0,0,2009
"Allen Toussaint",0,1,0,0,0,2009
"Bela Fleck",0,1,0,0,0,2009
"Booker T & the DBT's",0,1,0,0,0,2009
"Bruce Springsteen",0,1,0,0,0,2009
"Cherryholmes",0,1,0,0,0,2009
"David Byrne",0,1,0,0,0,2009
"David Grisman Quintet",0,1,0,0,0,2009
"Down",0,1,0,0,0,2009
"Elvis Costello",0,1,0,0,0,2009
"Elvis Perkins",0,1,0,0,0,2009
"Femi Kuti",0,1,0,0,0,2009
"Galactic1",0,1,0,0,0,2009
"Gov't Mule",0,1,0,0,0,2009
"Kaki King",0,1,0,0,0,2009
"King Sunny Ade",0,1,0,0,0,2009
"Lucinda Williams",0,1,0,0,0,2009
"Merle Haggard",0,1,0,0,0,2009
"Midnite",0,1,0,0,1,2009
"Mike Farris and the Roseland Rhythm Revue",0,1,0,0,0,2009
"moe.",0,1,0,0,0,2009
"Nine Inch Nails1",0,1,0,0,0,2009
"Paul Oakenfold",0,1,0,0,0,2009
"People under the Stairs",0,1,0,0,0,2009
"Robyn Hitchcock",0,1,0,0,0,2009
"Rodrigo y Gabriela1",0,1,0,0,0,2009
"Ted Leo and the Pharmacists",0,1,0,0,0,2009
"The Del McCoury Band",0,1,0,0,0,2009
"The Lovell Sisters",0,1,0,0,0,2009
"The Mars Volta",0,1,0,0,1,2009
"The SteelDrivers",0,1,0,0,0,2009
"Tift Merritt",0,1,0,0,0,2009
"Toubab Krewe",0,1,0,0,0,2009
"Wilco1",0,1,0,0,0,2009
"Akron Family",0,0,0,0,1,2009
"Bettye LaVette",0,0,0,0,1,2009
"Black Eyed Peas",0,0,0,0,1,2009
"Built To Spill",0,0,0,0,1,2009
"Dengue Fever",0,0,0,0,1,2009
"Extra Golden",0,0,0,0,1,2009
"Incubus",0,0,0,0,1,2009
"jason Mraz",0,0,0,0,1,2009
"Lenka",0,0,0,0,1,2009
"Lila Downs",0,0,0,0,1,2009
"Mastodon",0,0,0,0,1,2009
"Modest Mouse",0,0,0,0,1,2009
"Os Mutantes",0,0,0,0,1,2009
"Q-Tip",0,0,0,0,1,2009
"SambaDa",0,0,0,0,1,2009
"Silverson Pickups",0,0,0,0,1,2009
"The Dirtbombs",0,0,0,0,1,2009
"The Duke Spirit",0,0,0,0,1,2009
"Tom Jones",0,0,0,0,1,2009
"West Indian Girl",0,0,0,0,1,2009
"Zee Avi",0,0,0,0,1,2009
"Dawes",1,0,0,1,1,2010
"Flying Lotus",0,0,1,0,0,2010
"Here We Go Magic",0,1,0,0,0,2010
"Little Dragon",0,0,1,0,0,2010
"Major Lazer",0,0,1,0,0,2010
"Punch Brothers",0,1,0,0,0,2010
"The Antlers",0,0,0,1,0,2010
"The Avett Brothers1",0,1,1,0,0,2010
"The Devil Makes Three",0,0,0,0,1,2010
"Band of Skulls",0,0,1,0,0,2010
"Beats Antique",1,0,0,1,1,2010
"Cat Power1",0,0,0,0,1,2010
"David Guetta",0,0,1,0,0,2010
"Dragonette",0,0,0,1,0,2010
"Jimmy Cliff",0,1,0,1,0,2010
"Kaskade1",0,0,1,1,0,2010
"La Roux",0,0,1,0,0,2010
"Manchester Orchestra2",1,1,0,0,0,2010
"Miike Snow1",1,1,1,0,0,2010
"Neon Indian",0,1,0,0,0,2010
"The Big Pink",0,0,1,1,0,2010
"The Black Keys2",1,1,0,1,0,2010
"Wild Beasts",0,0,0,1,1,2010
"Bassnectar1",0,1,1,0,1,2010
"DJ Mel",0,0,0,1,0,2010
"Dr. Dog2",0,1,0,0,0,2010
"Kevin Devine1",0,0,1,0,0,2010
"Metric1",0,0,0,1,0,2010
"Passion Pit1",0,0,1,0,0,2010
"temper trap",1,1,1,1,0,2010
"The Walkmen",0,0,0,1,0,2010
"Wale",0,1,1,0,0,2010
"White Rabbits",1,0,1,0,0,2010
"Norah Jones",1,1,0,0,0,2010
"Portugal. The Man1",1,0,1,0,0,2010
"Rebelution",1,1,0,1,0,2010
"Regina Spektor1",0,1,0,0,0,2010
"Stevie Wonder",0,1,0,0,0,2010
"Wolfgang Gartner",0,0,1,1,0,2010
"Amos Lee",1,0,0,0,1,2010
"Arcade Fire",0,0,0,1,0,2010
"Deer Tick",0,0,1,1,0,2010
"Deerhunter1",0,0,1,0,0,2010
"Florence + the Machine",0,0,1,0,0,2010
"Freelance Whales",0,0,0,1,0,2010
"Gogol Bordello1",1,0,0,1,1,2010
"Matt & Kim1",1,0,1,1,0,2010
"Mavis Staples",0,0,0,1,0,2010
"Mumford & Sons",0,1,0,1,0,2010
"My Morning Jacket1",0,0,0,0,1,2010
"Old Crow Medicine Show",0,0,1,0,0,2010
"Pretty Lights",0,0,1,0,1,2010
"Sleigh Bells",0,0,1,0,0,2010
"The Strokes",1,0,0,1,1,2010
"Wavves",0,0,0,1,0,2010
"Deadmau52",1,1,1,0,0,2010
"Jay Electronica",0,1,0,0,0,2010
"Joachim Garraud",0,0,0,1,0,2010
"Local Natives",1,0,1,0,0,2010
"Muse",1,0,1,0,0,2010
"The Glitch Mob1",0,0,1,0,0,2010
"Caspa",0,0,0,1,0,2010
"Chromeo1",0,0,0,1,1,2010
"Cut Copy1",0,0,0,1,0,2010
"Empire of the Sun",0,0,0,1,1,2010
"Erykah Badu1",0,0,0,1,0,2010
"HEALTH",0,0,0,1,0,2010
"Kings of Leon1",0,1,0,0,1,2010
"The Morning Benders1",1,0,0,1,0,2010
"The National2",1,1,0,1,0,2010
"The New Pornographers",0,0,0,1,0,2010
"Warpaint",0,0,0,1,0,2010
"Brandi Carlile",0,1,0,0,0,2010
"Daniel Lanois' Black Dub",0,0,0,0,1,2010
"Miniature Tigers",0,0,0,1,0,2010
"Social Distortion",0,0,0,1,1,2010
"John Fogerty",0,1,0,0,0,2010
"Lotus",0,1,0,0,0,2010
"MGMT2",0,0,1,1,0,2010
"OK Go",0,1,0,0,0,2010
"Sia1",0,0,1,0,0,2010
"Beach House",1,0,1,0,0,2010
"Blues Traveler1",1,1,0,1,0,2010
"Dan Black",1,0,0,1,0,2010
"Frank Turner",1,0,1,0,0,2010
"Gaslight Anthem1",1,1,0,0,0,2010
"Girls",1,0,1,0,0,2010
"Hockey1",1,0,1,1,0,2010
"LCD Soundsystem",1,1,1,0,0,2010
"Lucero",1,1,1,0,0,2010
"Martin Sexton",1,1,0,0,0,2010
"Mayer Hawthorne",1,1,1,0,1,2010
"MyNameIsJohnMichael",1,0,0,1,0,2010
"Slightly Stoopid1",1,0,0,1,0,2010
"Spoon",1,0,1,1,0,2010
"Switchfoot",1,0,0,1,0,2010
"The Almighty Defenders",1,0,1,0,0,2010
"The Constellations",1,0,0,1,0,2010
"The Ettes",1,0,0,1,0,2010
"The Soft Pack",1,0,1,0,1,2010
"The XX",1,1,1,1,0,2010
"Trombone Shorty1",1,1,0,0,0,2010
"Vampire Weekend2",1,0,1,0,0,2010
"Yeasayer2",1,0,1,1,0,2010
"Against Me!1",0,1,0,0,0,2010
"B.o.B.",0,1,1,1,0,2010
"Baaba Maal",0,1,0,0,0,2010
"Baroness",0,1,1,0,0,2010
"Blitzen Trapper1",0,1,0,1,0,2010
"Calexico1",0,1,0,0,0,2010
"Carolina Chocolate Drops",0,1,0,0,0,2010
"Clutch",0,1,0,0,0,2010
"Cross Canadian Ragweed",0,1,0,0,0,2010
"Damian Marley and Nas",0,1,0,0,0,2010
"Dan Deacon Ensemble",0,1,0,0,0,2010
"Daryl Hall and Chromeo",0,1,0,0,0,2010
"Dave Matthews Band1",0,1,0,0,0,2010
"Dave Rawlings Machine",0,1,0,0,0,2010
"Diane Birch",0,1,0,0,0,2010
"Dropkick Murphys",0,1,0,0,0,2010
"Edward Sharpe & The Magnetic Zeros",0,1,0,1,1,2010
"Flaming Lips",0,1,0,0,0,2010
"Gwar",0,1,0,0,0,2010
"Hot Rize",0,1,0,0,0,2010
"Ingrid Michaelson",0,1,0,0,0,2010
"Isis",0,1,0,0,0,2010
"Jamey Johnson",0,1,0,0,0,2010
"japandroids",0,1,0,0,0,2010
"Jay Z",0,1,1,0,0,2010
"Jeff Beck",0,1,0,0,0,2010
"John Prine",0,1,0,0,0,2010
"Julia Nunes",0,1,0,0,0,2010
"Kid Cudi1",0,1,0,0,0,2010
"Kris Kristofferson",0,1,0,0,0,2010
"Les Claypool",0,1,1,0,0,2010
"Local Nativeds",0,1,0,0,0,2010
"Medeski, Martin & Wood",0,1,0,0,0,2010
"Michael Franti & Spearhead1",0,1,0,0,0,2010
"Miranda Lambert",0,1,0,0,0,2010
"Monte Montgomery",0,1,0,0,0,2010
"Needtobreathe",0,1,0,0,0,2010
"Nitty Gritty Dirt Band",0,1,0,0,0,2010
"Phoenix",0,1,1,1,1,2010
"Rise Against1",0,1,0,0,0,2010
"She & Him",0,1,1,0,0,2010
"Steve Martin & The Steep Canyon Rangers",0,1,0,0,0,2010
"Tenacious D",0,1,0,0,0,2010
"The Dead Weather1",0,1,1,0,0,2010
"The Disco Biscuits",0,1,0,0,0,2010
"The Dodos1",0,1,0,1,0,2010
"The Entrance Band",0,1,0,0,0,2010
"The Melvins",0,1,0,0,0,2010
"The Postelles1",0,1,0,0,0,2010
"They Might Be Giants",0,1,0,0,0,2010
"Thievery Corporation1",0,1,0,0,0,2010
"Tinariwen1",0,1,0,0,0,2010
"Tokyo Police Club",0,1,1,0,1,2010
"Tori Amos",0,1,0,0,0,2010
"Weezer",0,1,0,0,0,2010
"Zac Brown Band1",0,1,0,0,0,2010
"2ManyDj's",0,0,1,0,0,2010
"Aeroplane",0,0,1,0,0,2010
"Alana Grace",0,0,1,0,0,2010
"As Tall As Lions",0,0,1,0,0,2010
"Aterciopalados",0,0,1,0,0,2010
"Babasonicos",0,0,1,0,0,2010
"Benny Benassi",0,0,1,0,0,2010
"Calle 13",0,0,1,0,0,2010
"Camera Obscura",0,0,1,0,0,2010
"Ceu",0,0,1,0,0,2010
"Charlotte Gainsbourg",0,0,1,0,0,2010
"Club 75",0,0,1,0,0,2010
"Coheed and Cambria1",0,0,1,0,0,2010
"Corinne Bailey Rae",0,0,1,0,0,2010
"Craze & Klever1",0,0,1,0,0,2010
"De La Soul",0,0,1,0,0,2010
"Delphic",0,0,1,0,0,2010
"Devo ",0,0,1,0,0,2010
"Dirty Projectors",0,0,1,1,0,2010
"Dirty South",0,0,1,1,0,2010
"DJ Lance Rock",0,0,1,0,0,2010
"Echo and the Bunnymen",0,0,1,0,0,2010
"edward sharpe and the magnetic zeros",0,0,1,0,0,2010
"Erol Alkan1",0,0,1,1,0,2010
"Faith No More",0,0,1,0,0,2010
"Fever Ray",0,0,1,0,0,2010
"Frightened Rabbit",0,0,1,1,0,2010
"Gary Numan",0,0,1,0,0,2010
"Gil Scott-Heron",0,0,1,0,0,2010
"Gorillaz",0,0,1,0,0,2010
"Gossip",0,0,1,0,0,2010
"Grace Jones",0,0,1,0,0,2010
"Grizzly Bear2",0,0,1,1,0,2010
"Hadouken!",0,0,1,0,0,2010
"Hot Chip1",0,0,1,1,0,2010
"Iglu & Hartly",0,0,1,0,0,2010
"Infected Mushroom",0,0,1,0,0,2010
"Jets Overhead",0,0,1,0,0,2010
"John Waters",0,0,1,0,0,2010
"Julian Casablancas",0,0,1,0,0,2010
"Kate Miller-Heidke",0,0,1,0,0,2010
"King Khan and the Shrines",0,0,1,0,0,2010
"Little Boots",0,0,1,0,0,2010
"Mew",0,0,1,0,0,2010
"MUTEMATH",0,0,1,1,0,2010
"One Eskim0",0,0,1,0,0,2010
"Orbital",0,0,1,0,0,2010
"Owen Pallett",0,0,1,0,0,2010
"P.O.S.",0,0,1,0,0,2010
"Pablo Hassan",0,0,1,0,0,2010
"Paparazzi",0,0,1,0,0,2010
"Pavement",0,0,1,0,0,2010
"Plastikman",0,0,1,0,0,2010
"Porcupine Tree",0,0,1,0,0,2010
"Proxy",0,0,1,0,0,2010
"Public Image Limited",0,0,1,0,0,2010
"Ra Ra Riot1",0,0,1,0,0,2010
"Rusko",0,0,1,1,0,2010
"RX Bandits",0,0,1,0,0,2010
"Shooter Jennings",0,0,1,0,0,2010
"Sly and the Family Stone",0,0,1,0,0,2010
"Steel Train1",0,0,1,0,0,2010
"Sunny Day Real Estate",0,0,1,0,0,2010
"Talvin Singh",0,0,1,0,0,2010
"The Cribs",0,0,1,1,0,2010
"The Dillinger Escape Plan",0,0,1,0,0,2010
"The Middle East",0,0,1,0,0,2010
"The Raveonettes1",0,0,1,0,0,2010
"The Specials",0,0,1,0,0,2010
"The Whitest Boy Alive",0,0,1,0,0,2010
"Them Crooked Vultures",0,0,1,0,0,2010
"Thom Yorke",0,0,1,0,0,2010
"Tiesto",0,0,1,0,0,2010
"Yann Tiersen",0,0,1,0,0,2010
"Yo La Tengo",0,0,1,0,0,2010
"Z-Trip",0,0,1,0,0,2010
"Zoe",0,0,1,0,0,2010
"2ManyDJs",0,0,0,1,0,2010
"AFI",0,0,0,1,0,2010
"American Bang1",0,0,0,1,0,2010
"Ana Sia",0,0,0,1,0,2010
"Ancient Astronauts",0,0,0,1,0,2010
"Balkan Beat Box",0,0,0,1,0,2010
"BBU",0,0,0,1,0,2010
"Company of Thieves",0,0,0,1,0,2010
"Cymbals Eat Guitars",0,0,0,1,0,2010
"Cypress Hill",0,0,0,1,0,2010
"Dani Deahi",0,0,0,1,0,2010
"Devo",0,0,0,1,0,2010
"Didi Gutman of Brazilian Girls",0,0,0,1,0,2010
"Digitalism",0,0,0,1,0,2010
"Drive-by Truckers",0,0,0,1,0,2010
"F**k Buttons",0,0,0,1,0,2010
"Felix Da Housecat",0,0,0,1,0,2010
"Flosstradamus",0,0,0,1,0,2010
"Foxy Shazam",0,0,0,1,0,2010
"FreeSol",0,0,0,1,0,2010
"Green Day",0,0,0,1,0,2010
"Harlem",0,0,0,1,0,2010
"Jamie Lidell1",0,0,0,1,0,2010
"Javelin",0,0,0,1,0,2010
"Jukebox the Ghost",0,0,0,1,0,2010
"Lady Gaga",0,0,0,1,0,2010
"Los Amigos Invisibles",0,0,0,1,0,2010
"Mexican Institute of Sound1",0,0,0,1,0,2010
"Mimicking Birds",0,0,0,1,0,2010
"Minus the Bear1",0,0,0,1,0,2010
"My Dear Disco",0,0,0,1,0,2010
"Neon Hitch",0,0,0,1,0,2010
"NEON TREES",0,0,0,1,0,2010
"NERVO",0,0,0,1,0,2010
"Nneka",0,0,0,1,1,2010
"Only Children",0,0,0,1,0,2010
"Peanut Butter Wolf1",0,0,0,1,0,2010
"PERFORMING AT PERRY'S",0,0,0,1,0,2010
"Perry Farrell1",0,0,0,1,0,2010
"Raphael Saddiq",0,0,0,1,0,2010
"Rogue Wave1",0,0,0,1,0,2010
"Royal Bangs",0,0,0,1,0,2010
"Semi Precious Weapons",0,0,0,1,0,2010
"Shawn Fisher",0,0,0,1,0,2010
"Skybox",0,0,0,1,0,2010
"Soundgarden",0,0,0,1,0,2010
"Stars1",0,0,0,1,0,2010
"Steve Porter",0,0,0,1,0,2010
"Team Bayside High",0,0,0,1,0,2010
"The Band of Heathens",0,0,0,1,0,2010
"The Ike Reilly Assassination",0,0,0,1,0,2010
"The Kissaway Trail",0,0,0,1,0,2010
"The Soft pack",0,0,0,1,0,2010
"These United States",0,0,0,1,0,2010
"Tiga",0,0,0,1,0,2010
"Violent Soho",0,0,0,1,0,2010
"Vonnegutt",0,0,0,1,0,2010
"Wolfmother",0,0,0,1,1,2010
"X Japan",0,0,0,1,0,2010
"Al Green1",0,0,0,0,1,2010
"Aterciopelados",0,0,0,0,1,2010
"Electric Six",0,0,0,0,1,2010
"Further",0,0,0,0,1,2010
"Garage a Trois",0,0,0,0,1,2010
"Janelle Monae",0,0,0,0,1,2010
"Lanhorne Slim",0,0,0,0,1,2010
"Little Wings",0,0,0,0,1,2010
"Nas & Damian ""Jr. Gong"" Marley",0,0,0,0,1,2010
"People under the stairs",0,0,0,0,1,2010
"Rebirth Brass Band",0,0,0,0,1,2010
"Sierra Leone's Refugee All Stars",0,0,0,0,1,2010
"Temper Trap",0,0,0,0,1,2010
"The Budos Band",0,0,0,0,1,2010
"The Pimps of Joytime",0,0,0,0,1,2010
"The the levon helm band",0,0,0,0,1,2010
"The Whigs1",0,0,0,0,1,2010
"Vieux Farka Toure1",0,0,0,0,1,2010
"City and Colour",1,0,1,0,0,2011
"Dale Earnhardt Jr. Jr.",1,0,0,1,0,2011
"Delta Spirit1",1,0,1,1,0,2011
"Flogging Molly1",0,0,1,1,0,2011
"Foster The People",0,0,1,1,1,2011
"Grouplove",0,0,0,1,1,2011
"Here We Go Magic1",0,0,1,0,0,2011
"Little Dragon1",0,0,0,0,1,2011
"Major Lazer1",0,0,0,0,1,2011
"Mariachi El Bronx",1,0,1,0,0,2011
"Orgone",0,0,0,0,1,2011
"Phantogram",0,0,1,1,1,2011
"Phish1",0,0,0,0,1,2011
"SBTRKT",0,0,1,0,0,2011
"Skrillex",1,0,1,1,0,2011
"SuperJam",0,1,0,0,0,2011
"The Joy Formidable",0,0,1,0,1,2011
"The Roots",0,0,0,0,1,2011
"Trampled by Turtles",0,0,1,0,0,2011
"Two Door Cinema Club",0,0,1,1,0,2011
"Afrojack",0,0,1,1,0,2011
"Arctic Monkeys1",0,0,0,0,1,2011
"Band of Skulls1",0,1,0,0,0,2011
"Beats Antique1",0,1,0,1,0,2011
"Beirut1",0,1,0,1,1,2011
"Black Lips1",0,0,0,1,0,2011
"Feed Me",0,0,0,1,0,2011
"Fitz & The Tantrums",1,0,0,1,0,2011
"Girl Talk2",0,1,0,1,1,2011
"Manchester Orchestra3",0,0,0,1,0,2011
"Modeselektor1",0,0,0,1,0,2011
"The Black Keys3",0,1,1,0,1,2011
"The Head & The Heart",1,1,0,0,0,2011
"The Vaccines",1,0,0,1,1,2011
"Bassnectar2",0,1,0,0,0,2011
"DJ Mel1",0,0,0,1,0,2011
"J. Cole",0,1,0,0,0,2011
"Macklemore & Ryan Lewis",0,0,0,0,1,2011
"Sharon Van Etten",0,1,0,0,0,2011
"Tame Impala",0,0,1,0,0,2011
"The Black Angels",0,1,0,0,0,2011
"The Tallest Man on Earth",0,0,1,0,0,2011
"The Walkmen1",1,1,0,0,0,2011
"Twin Shadow",1,1,0,0,0,2011
"Big Boi",1,1,0,0,1,2011
"Bomba Estereo",1,0,1,0,0,2011
"Foo Fighters",0,0,0,1,0,2011
"Jovanotti",0,1,0,0,0,2011
"Portugal. The Man2",0,1,0,0,0,2011
"Tennis",0,0,0,1,0,2011
"The Kills2",0,0,1,1,0,2011
"!!!1",0,1,1,0,1,2011
"22-20s",0,1,0,0,0,2011
"Abigail Washburn",0,1,0,0,0,2011
"Alberta Cross1",0,1,0,0,0,2011
"Alison Krauss & Union Station",1,1,0,0,0,2011
"Amos Lee1",0,1,0,0,0,2011
"Arcade Fire1",1,1,1,0,1,2011
"Atmosphere1",0,1,0,1,0,2011
"Bela Fleck and the Flecktones",0,1,0,0,0,2011
"Best Coast",0,1,1,1,1,2011
"Bootsy Collins",0,1,0,0,0,2011
"Bruce Hornsby",0,1,0,0,0,2011
"Buffalo Springfield",0,1,0,0,0,2011
"Chiddy Bang",1,1,0,0,0,2011
"Clare Maguire",0,1,1,0,0,2011
"Cold War Kids2",1,1,1,1,0,2011
"Dam-Funk & Master Blazter",0,1,0,0,0,2011
"Deer Tick1",0,1,0,0,0,2011
"Deerhunter2",0,1,0,0,0,2011
"Devotchka",0,1,0,0,0,2011
"Dr. John and the original Meters",0,1,0,0,0,2011
"Eminem",0,1,0,1,0,2011
"Explosions In The Sky",0,1,0,1,0,2011
"Florence + the Machine1",0,1,0,0,0,2011
"Freelance Whales1",0,1,1,0,0,2011
"Global Gypsy Punk Revue",0,1,0,0,0,2011
"Gogol Bordello2",0,1,1,0,0,2011
"Grace Potter & The Nocturnals1",0,1,0,1,0,2011
"Gregg Allman",0,1,0,0,0,2011
"Hays Carll",0,1,0,0,0,2011
"Iron & Wine1",1,1,0,0,0,2011
"Jessica Lea Mayfield",0,1,0,0,0,2011
"Junip",0,1,0,0,1,2011
"Justin Townes Earle",0,1,0,0,0,2011
"Karen Elson",0,1,0,0,0,2011
"Kylesa",0,1,0,0,0,2011
"Lil Wayne",0,1,0,0,0,2011
"Loretta Lynn",0,1,0,0,0,2011
"Man Man1",0,1,0,0,0,2011
"Matt & Kim2",0,1,0,0,0,2011
"Mavis Staples1",1,1,0,0,1,2011
"Mumford & Sons1",0,1,1,0,0,2011
"My Morning Jacket2",1,1,0,1,0,2011
"Neon Trees",0,1,1,0,0,2011
"Nicole Atkins & The Black Sea",0,1,0,0,0,2011
"Old Crow Medicine Show1",1,1,0,0,0,2011
"Omar Souleyman",0,1,0,0,0,2011
"Opeth",0,1,0,0,0,2011
"Phosphorescent",1,1,1,0,0,2011
"Pretty Lights1",1,1,0,1,0,2011
"Primus1",0,1,0,0,0,2011
"Railroad Earth",0,1,0,0,0,2011
"Ratatat",0,1,1,1,0,2011
"Ray Lamontagne",0,1,0,0,0,2011
"Robert Plant & Band of Joy",0,1,0,0,0,2011
"Robyn",0,1,1,0,0,2011
"Ryan Bingham & The Dead Horses",0,1,0,1,0,2011
"School of Seven Bells",0,1,0,0,0,2011
"Scissor Sisters",0,1,1,0,0,2011
"Sleigh Bells1",0,1,1,1,0,2011
"Smith Westerns",1,1,0,1,0,2011
"String Cheese Incident",0,1,0,0,0,2011
"STS91",0,1,0,0,1,2011
"The Decemberists1",0,1,0,0,1,2011
"The Del McCoury Band & the Preservation Hall Jazz Band",0,1,0,0,0,2011
"The Drums",0,1,1,1,0,2011
"The Low Anthem1",0,1,0,0,0,2011
"The Strokes1",0,1,1,0,0,2011
"The Sword1",0,1,0,0,0,2011
"Wanda Jackson",1,1,0,0,0,2011
"Warren Haynes Band",0,1,0,0,1,2011
"Wavves1",0,1,0,0,0,2011
"Widespread Panic1",0,1,0,0,0,2011
"Wiz Khalifa",0,1,1,0,0,2011
"12th Planet",0,0,1,1,0,2011
"A Perfect Circle",0,0,0,1,0,2011
"An Horse",1,0,0,1,0,2011
"Ana Tijoux",0,0,0,1,1,2011
"Artic Monkeys",0,0,0,1,0,2011
"Big Audio Dynamite",0,0,1,1,1,2011
"Black Cards",0,0,0,1,0,2011
"Boy & Bear",0,0,0,1,0,2011
"Bright Eyes",1,0,1,1,0,2011
"Busy P1",0,0,0,1,0,2011
"Cage The Elephant1",0,0,0,1,0,2011
"Cee Lo Green",0,0,1,1,0,2011
"Chico Trujillo",0,0,0,1,0,2011
"Christina Perri",0,0,0,1,0,2011
"Chuckie",0,0,1,1,0,2011
"City And Colour",0,0,0,1,0,2011
"Coldplay",1,0,0,1,0,2011
"Collie Buddz",0,0,0,1,1,2011
"Crystal Castles1",0,0,1,1,0,2011
"Cults",0,0,1,1,0,2011
"Daedulus",0,0,0,1,0,2011
"Damian ""Jr. Gong"" Marley & Nas",0,0,0,1,0,2011
"Deadmau53",0,0,0,1,1,2011
"Death From Above 1979",1,0,1,1,0,2011
"Deftones",0,0,0,1,0,2011
"Disappears",0,0,0,1,0,2011
"Dom",0,0,0,1,0,2011
"Ellie Goulding",0,0,1,1,0,2011
"Fences",0,0,0,1,0,2011
"Friendly Fires1",0,0,0,1,0,2011
"Gold Motel",0,0,0,1,0,2011
"Imelda May",0,0,0,1,0,2011
"Iration",0,0,0,1,0,2011
"J. Roddy Walston And The Business",0,0,0,1,0,2011
"Jackmaster",0,0,0,1,0,2011
"Jay Electronica1",0,0,0,1,0,2011
"Joachim Garraud1",0,0,1,1,0,2011
"Julia Easterlin",0,0,0,1,0,2011
"Kerli",0,0,0,1,0,2011
"Kid CuDi",0,0,0,1,0,2011
"Kids These Days",0,0,0,1,0,2011
"Kyle Lucas & Captain Midnite",0,0,0,1,0,2011
"Lady D",0,0,0,1,0,2011
"Lia Ices",0,0,0,1,0,2011
"Light",0,0,0,1,0,2011
"Lissie ",0,0,0,1,0,2011
"Local Natives1",0,0,0,1,0,2011
"Lord Huron",0,0,0,1,1,2011
"Los Bunkers",0,0,1,1,0,2011
"Lykke Li",0,0,0,1,0,2011
"Maps & Atlases",0,0,0,1,0,2011
"Mayer Hawthorne & The County",0,0,0,1,0,2011
"Midnight Conspiracy",0,0,0,1,0,2011
"Muse1",0,0,0,1,1,2011
"Noah & The Whale1",0,0,0,1,0,2011
"Ok Go",0,0,0,1,0,2011
"Pains of Being Pure at Heart",0,0,1,1,0,2011
"Patrick Stump",0,0,0,1,0,2011
"Perryetty vs. Chris Cox",0,0,0,1,0,2011
"Portugal The Man",0,0,0,1,0,2011
"Reptar",1,0,0,1,0,2011
"Rival Schools",0,0,0,1,0,2011
"Ruby Jane",1,0,0,1,0,2011
"Ryan Leslie",0,0,0,1,0,2011
"Sam Adams",0,0,0,1,0,2011
"Savoy",0,0,0,1,0,2011
"Skylar Grey",0,0,0,1,0,2011
"Super Mash Bros.",0,0,0,1,0,2011
"Tab The Band",0,0,0,1,0,2011
"The Bloody Beetroots Death Crew 77",0,0,0,1,0,2011
"The Cars",0,0,0,1,0,2011
"The Chain Gang of 1974",0,0,0,1,0,2011
"The Glitch Mob2",0,0,0,1,0,2011
"The Joy Formidables",0,0,0,1,0,2011
"The Kingston Springs",1,0,0,1,0,2011
"The Mountain Goats",0,0,0,1,0,2011
"The Naked And Famous",0,0,0,1,0,2011
"The Pretty Reckless",0,0,0,1,0,2011
"Tinie Tempah",0,0,1,1,0,2011
"Titus Andronicus",0,0,1,1,0,2011
"Typhoon Electric Touch",0,0,0,1,0,2011
"Walk The Moon",0,0,0,1,0,2011
"Ween1",0,0,0,1,0,2011
"White Lies2",0,0,0,1,0,2011
"Wye Oak",0,0,0,1,1,2011
"Ximena Sarinana",0,0,0,1,1,2011
"Young Man",0,0,0,1,0,2011
"Young The Giant",1,0,0,1,0,2011
"A-Trak1",0,0,1,0,0,2011
"Alf Alpha",0,0,1,0,0,2011
"Andy C",0,0,1,0,0,2011
"Angus and Julia Stone",0,0,1,0,0,2011
"Animal Collective2",0,0,1,0,0,2011
"Ariel Pink's Haunted Graffiti1",0,0,1,0,0,2011
"Axwell",0,0,1,0,0,2011
"Beardyman",1,0,1,0,0,2011
"Black Joe Lewis and the Honeybears",0,0,1,0,0,2011
"Bloody Beetroots Death Crew 77",0,0,1,0,0,2011
"Boys Noize",0,0,1,0,0,2011
"Brandon Flowers",0,0,1,0,0,2011
"Brandt Brauer Frick",0,0,1,0,0,2011
"Breakage",0,0,1,0,0,2011
"Broken Social Scene1",1,0,1,0,0,2011
"Cage the Elephant1",0,0,1,0,0,2011
"Caifanes",0,0,1,0,0,2011
"Caspa1",0,0,1,0,0,2011
"Chromeo2",1,0,1,0,0,2011
"Cold Cave",0,0,1,0,0,2011
"CSS1",0,0,1,0,0,2011
"Cut Copy2",1,0,1,0,0,2011
"Daedelus",0,0,1,0,0,2011
"Delorean",0,0,1,0,0,2011
"DJ Hype",0,0,1,0,0,2011
"DJ Kentaro",0,0,1,0,0,2011
"DJ Marky",0,0,1,0,0,2011
"DJ Zinc",0,0,1,0,0,2011
"Duck Sauce",0,0,1,0,0,2011
"Duran Duran ",0,0,1,0,0,2011
"EE",0,0,1,0,0,2011
"Elbow",1,0,1,0,0,2011
"Electric Touch2",0,0,1,0,0,2011
"Eliza Doolittle",0,0,1,0,0,2011
"Emicida",0,0,1,0,0,2011
"Empire of the Sun1",1,0,1,0,0,2011
"Erick Morrillo",0,0,1,0,0,2011
"Erykah Badu2",0,0,1,0,1,2011
"Excision",0,0,1,0,0,2011
"Fat Freddy's Drop",0,0,1,0,0,2011
"Fedde Le Grand",0,0,1,0,0,2011
"Fistful of Mercy",0,0,1,0,0,2011
"Foals1",0,0,1,0,0,2011
"Francis and the Lights",0,0,1,0,0,2011
"Fun",0,0,1,0,0,2011
"G.Q.",0,0,1,0,0,2011
"Gayngs",0,0,1,0,0,2011
"Glasser",0,0,1,0,0,2011
"Good Old War",0,0,1,0,0,2011
"Gord Downie",0,0,1,0,0,2011
"Goth Trad",0,0,1,0,0,2011
"Green Velvet",0,0,1,0,0,2011
"Gypsy and the Cat",0,0,1,0,0,2011
"HEALTH1",0,0,1,0,0,2011
"High Contrast",0,0,1,0,0,2011
"Hurts",0,0,1,0,0,2011
"Interpol",0,0,1,0,0,2011
"Jack Beats",0,0,1,0,0,2011
"Jack's Mannequin",0,0,1,0,0,2011
"Jakes",0,0,1,0,0,2011
"Jenny and Johnny",0,0,1,0,0,2011
"Jimmy Eat World",0,0,1,0,0,2011
"Joy Orbison",0,0,1,0,0,2011
"Kanye West1",1,0,1,0,0,2011
"Kele",0,0,1,0,0,2011
"Kings of Leon2",0,0,1,0,0,2011
"Klaxons",0,0,1,0,0,2011
"Kode9",0,0,1,0,0,2011
"Kyle Hall",0,0,1,0,0,2011
"Laidback Luke",0,0,1,0,0,2011
"Leftfield",0,0,1,0,0,2011
"Lightning Bolt",0,0,1,0,0,2011
"Lil' B",0,0,1,0,0,2011
"Lorn",0,0,1,0,0,2011
"Magnetic Man",0,0,1,0,0,2011
"Mala",0,0,1,0,0,2011
"Marina and the Diamonds",0,0,1,0,0,2011
"Mary Anne Hobbs",0,0,1,0,0,2011
"MEN",0,0,1,0,0,2011
"Menomena",0,0,1,0,0,2011
"Monarchy",0,0,1,0,0,2011
"Mount Kimbie",0,0,1,0,0,2011
"Moving Units",0,0,1,0,0,2011
"Ms. Lauryn Hill",0,0,1,0,0,2011
"Nas & Damian Marley",0,0,1,0,0,2011
"New Pants",0,0,1,0,0,2011
"Nosaj Thing",0,0,1,0,0,2011
"OFF!",0,0,1,0,0,2011
"OFWGKTA",0,0,1,0,0,2011
"Omar Rodriguez Lopez",0,0,1,0,0,2011
"One Day as a Lion",0,0,1,0,0,2011
"Ozomatli1",0,0,1,0,0,2011
"Paul van Dyk",0,0,1,0,0,2011
"PJ Harvey",0,0,1,0,0,2011
"Plan B",0,0,1,0,0,2011
"Ramadanman",0,0,1,0,0,2011
"Raphael Saadiq1",0,0,1,0,0,2011
"Ras G",0,0,1,0,0,2011
"Riva Starr",0,0,1,0,0,2011
"Roska",0,0,1,0,0,2011
"Rye Rye1",0,0,1,0,0,2011
"Sander Kleinenberg",0,0,1,0,0,2011
"Sasha",0,0,1,0,0,2011
"Scala & Kolacny Bros.",0,0,1,0,0,2011
"She Wants Revenge",0,0,1,0,0,2011
"Shpongle presents The Shpongletron Experience",0,0,1,0,0,2011
"Steve Angello",0,0,1,0,0,2011
"Sven Vath",0,0,1,0,0,2011
"Take",0,0,1,0,0,2011
"Terror Danjah",0,0,1,0,0,2011
"Thao with the Get Down Stay Down",0,0,1,0,0,2011
"The Aquabats",0,0,1,0,0,2011
"The Chemical Brothers",0,0,1,0,0,2011
"The Felice Brothers1",0,0,1,0,0,2011
"The Henry Clay People1",0,0,1,0,0,2011
"The London Suicide",0,0,1,0,0,2011
"The Love Language",0,0,1,0,0,2011
"The Morning Benders2",0,0,1,0,0,2011
"The National3",0,0,1,0,0,2011
"The New Pornographers1",0,0,1,0,0,2011
"The Presets1",0,0,1,0,0,2011
"The Radio Dept. ",0,0,1,0,0,2011
"The Rural Alberta Advantage",0,0,1,0,0,2011
"The Swell Season1",0,0,1,0,0,2011
"The Twelves",0,0,1,0,0,2011
"Thunderball",0,0,1,0,0,2011
"Trentemoller",0,0,1,0,0,2011
"Warpaint1",0,0,1,0,0,2011
"Wire",0,0,1,0,0,2011
"YACHT",0,0,1,0,0,2011
"Charles Bradley",1,0,0,0,1,2011
"Diego's Umbrella",0,0,0,0,1,2011
"Ghost Robot",0,0,0,0,1,2011
"John Fogerty1",0,0,0,0,1,2011
"Josh Ritter",0,0,0,0,1,2011
"Julieta Venegas",0,0,0,0,1,2011
"Latryx",0,0,0,0,1,2011
"Lotus1",0,0,0,0,1,2011
"MGMT3",0,0,0,0,1,2011
"Nicki Bluhm & The Gramblers",0,0,0,0,1,2011
"OK Go1",0,0,0,0,1,2011
"Old 97's",0,0,0,0,1,2011
"Pajama Party",0,0,0,0,1,2011
"Sia2",0,0,0,0,1,2011
"STRFKR",0,0,0,0,1,2011
"Sunbirds",0,0,0,0,1,2011
"Tamaryn",0,0,0,0,1,2011
"The Fresh & Onlys",0,0,0,0,1,2011
"The Greyboy Allstars",0,0,0,0,1,2011
"The Infamous Stringdusters",0,0,0,0,1,2011
"The Limousines",0,0,0,0,1,2011
"The Original Meters",0,0,0,0,1,2011
"The Stone Foxes",0,0,0,0,1,2011
"Toro y Moi",0,0,0,0,1,2011
"Ty Segall",0,0,0,0,1,2011
"Vetiver",0,0,0,0,1,2011
